Symbol,Security,Index,Exchange
MMM,3M,S&P 500,NYSE
AOS,A. O. Smith,S&P 500,NYSE
ABT,Abbott Laboratories,S&P 500,NYSE
ABBV,AbbVie,S&P 500,NYSE
ACN,Accenture,S&P 500,NYSE
ADBE,Adobe Inc.,S&P 500,NYSE
AMD,Advanced Micro Devices,S&P 500,NYSE
AES,AES Corporation,S&P 500,NYSE
AFL,Aflac,S&P 500,NYSE
A,Agilent Technologies,S&P 500,NYSE
APD,Air Products,S&P 500,NYSE
ABNB,Airbnb,S&P 500,NYSE
AKAM,Akamai Technologies,S&P 500,NYSE
ALB,Albemarle Corporation,S&P 500,NYSE
ARE,Alexandria Real Estate Equities,S&P 500,NYSE
ALGN,Align Technology,S&P 500,NYSE
ALLE,Allegion,S&P 500,NYSE
LNT,Alliant Energy,S&P 500,NYSE
ALL,Allstate,S&P 500,NYSE
GOOGL,Alphabet Inc. (Class A),S&P 500,NYSE
GOOG,Alphabet Inc. (Class C),S&P 500,NYSE
MO,Altria,S&P 500,NYSE
AMZN,Amazon,S&P 500,NYSE
AMCR,Amcor,S&P 500,NYSE
AEE,Ameren,S&P 500,NYSE
AEP,American Electric Power,S&P 500,NYSE
AXP,American Express,S&P 500,NYSE
AIG,American International Group,S&P 500,NYSE
AMT,American Tower,S&P 500,NYSE
AWK,American Water Works,S&P 500,NYSE
AMP,Ameriprise Financial,S&P 500,NYSE
AME,Ametek,S&P 500,NYSE
AMGN,Amgen,S&P 500,NYSE
APH,Amphenol,S&P 500,NYSE
ADI,Analog Devices,S&P 500,NYSE
AON,Aon plc,S&P 500,NYSE
APA,APA Corporation,S&P 500,NYSE
APO,Apollo Global Management,S&P 500,NYSE
AAPL,Apple Inc.,S&P 500,NYSE
AMAT,Applied Materials,S&P 500,NYSE
APP,AppLovin,S&P 500,NYSE
APTV,Aptiv,S&P 500,NYSE
ACGL,Arch Capital Group,S&P 500,NYSE
ADM,Archer Daniels Midland,S&P 500,NYSE
ARES,Ares Management,S&P 500,NYSE
ANET,Arista Networks,S&P 500,NYSE
AJG,Arthur J. Gallagher & Co.,S&P 500,NYSE
AIZ,Assurant,S&P 500,NYSE
T,AT&T,S&P 500,NYSE
ATO,Atmos Energy,S&P 500,NYSE
ADSK,Autodesk,S&P 500,NYSE
ADP,Automatic Data Processing,S&P 500,NYSE
AZO,AutoZone,S&P 500,NYSE
AVB,AvalonBay Communities,S&P 500,NYSE
AVY,Avery Dennison,S&P 500,NYSE
AXON,Axon Enterprise,S&P 500,NYSE
BKR,Baker Hughes,S&P 500,NYSE
BALL,Ball Corporation,S&P 500,NYSE
BAC,Bank of America,S&P 500,NYSE
BAX,Baxter International,S&P 500,NYSE
BDX,Becton Dickinson,S&P 500,NYSE
BRK.B,Berkshire Hathaway,S&P 500,NYSE
BBY,Best Buy,S&P 500,NYSE
TECH,Bio-Techne,S&P 500,NYSE
BIIB,Biogen,S&P 500,NYSE
BLK,BlackRock,S&P 500,NYSE
BX,Blackstone Inc.,S&P 500,NYSE
XYZ,"Block, Inc.",S&P 500,NYSE
BK,BNY Mellon,S&P 500,NYSE
BA,Boeing,S&P 500,NYSE
BKNG,Booking Holdings,S&P 500,NYSE
BSX,Boston Scientific,S&P 500,NYSE
BMY,Bristol Myers Squibb,S&P 500,NYSE
AVGO,Broadcom,S&P 500,NYSE
BR,Broadridge Financial Solutions,S&P 500,NYSE
BRO,Brown & Brown,S&P 500,NYSE
BF.B,Brown–Forman,S&P 500,NYSE
BLDR,Builders FirstSource,S&P 500,NYSE
BG,Bunge Global,S&P 500,NYSE
BXP,"BXP, Inc.",S&P 500,NYSE
CHRW,C.H. Robinson,S&P 500,NYSE
CDNS,Cadence Design Systems,S&P 500,NYSE
CPT,Camden Property Trust,S&P 500,NYSE
CPB,Campbell's Company (The),S&P 500,NYSE
COF,Capital One,S&P 500,NYSE
CAH,Cardinal Health,S&P 500,NYSE
CCL,Carnival Corporation,S&P 500,NYSE
CARR,Carrier Global,S&P 500,NYSE
CVNA,Carvana,S&P 500,NYSE
CASY,Casey's,S&P 500,NYSE
CAT,Caterpillar Inc.,S&P 500,NYSE
CBOE,Cboe Global Markets,S&P 500,NYSE
CBRE,CBRE Group,S&P 500,NYSE
CDW,CDW Corporation,S&P 500,NYSE
COR,Cencora,S&P 500,NYSE
CNC,Centene Corporation,S&P 500,NYSE
CNP,CenterPoint Energy,S&P 500,NYSE
CF,CF Industries,S&P 500,NYSE
CRL,Charles River Laboratories,S&P 500,NYSE
SCHW,Charles Schwab Corporation,S&P 500,NYSE
CHTR,Charter Communications,S&P 500,NYSE
CVX,Chevron Corporation,S&P 500,NYSE
CMG,Chipotle Mexican Grill,S&P 500,NYSE
CB,Chubb Limited,S&P 500,NYSE
CHD,Church & Dwight,S&P 500,NYSE
CIEN,Ciena,S&P 500,NYSE
CI,Cigna,S&P 500,NYSE
CINF,Cincinnati Financial,S&P 500,NYSE
CTAS,Cintas,S&P 500,NYSE
CSCO,Cisco,S&P 500,NYSE
C,Citigroup,S&P 500,NYSE
CFG,Citizens Financial Group,S&P 500,NYSE
CLX,Clorox,S&P 500,NYSE
CME,CME Group,S&P 500,NYSE
CMS,CMS Energy,S&P 500,NYSE
KO,Coca-Cola Company (The),S&P 500,NYSE
CTSH,Cognizant,S&P 500,NYSE
COHR,Coherent Corp.,S&P 500,NYSE
COIN,Coinbase,S&P 500,NYSE
CL,Colgate-Palmolive,S&P 500,NYSE
CMCSA,Comcast,S&P 500,NYSE
FIX,Comfort Systems USA,S&P 500,NYSE
CAG,Conagra Brands,S&P 500,NYSE
COP,ConocoPhillips,S&P 500,NYSE
ED,Consolidated Edison,S&P 500,NYSE
STZ,Constellation Brands,S&P 500,NYSE
CEG,Constellation Energy,S&P 500,NYSE
COO,Cooper Companies (The),S&P 500,NYSE
CPRT,Copart,S&P 500,NYSE
GLW,Corning Inc.,S&P 500,NYSE
CPAY,Corpay,S&P 500,NYSE
CTVA,Corteva,S&P 500,NYSE
CSGP,CoStar Group,S&P 500,NYSE
COST,Costco,S&P 500,NYSE
CRH,CRH plc,S&P 500,NYSE
CRWD,CrowdStrike,S&P 500,NYSE
CCI,Crown Castle,S&P 500,NYSE
CSX,CSX Corporation,S&P 500,NYSE
CMI,Cummins,S&P 500,NYSE
CVS,CVS Health,S&P 500,NYSE
DHR,Danaher Corporation,S&P 500,NYSE
DRI,Darden Restaurants,S&P 500,NYSE
DDOG,Datadog,S&P 500,NYSE
DVA,DaVita,S&P 500,NYSE
DECK,Deckers Brands,S&P 500,NYSE
DE,Deere & Company,S&P 500,NYSE
DELL,Dell Technologies,S&P 500,NYSE
DAL,Delta Air Lines,S&P 500,NYSE
DVN,Devon Energy,S&P 500,NYSE
DXCM,Dexcom,S&P 500,NYSE
FANG,Diamondback Energy,S&P 500,NYSE
DLR,Digital Realty,S&P 500,NYSE
DG,Dollar General,S&P 500,NYSE
DLTR,Dollar Tree,S&P 500,NYSE
D,Dominion Energy,S&P 500,NYSE
DPZ,Domino's,S&P 500,NYSE
DASH,DoorDash,S&P 500,NYSE
DOV,Dover Corporation,S&P 500,NYSE
DOW,Dow Inc.,S&P 500,NYSE
DHI,D. R. Horton,S&P 500,NYSE
DTE,DTE Energy,S&P 500,NYSE
DUK,Duke Energy,S&P 500,NYSE
DD,DuPont,S&P 500,NYSE
ETN,Eaton Corporation,S&P 500,NYSE
EBAY,eBay Inc.,S&P 500,NYSE
SATS,EchoStar,S&P 500,NYSE
ECL,Ecolab,S&P 500,NYSE
EIX,Edison International,S&P 500,NYSE
EW,Edwards Lifesciences,S&P 500,NYSE
EA,Electronic Arts,S&P 500,NYSE
ELV,Elevance Health,S&P 500,NYSE
EME,Emcor,S&P 500,NYSE
EMR,Emerson Electric,S&P 500,NYSE
ETR,Entergy,S&P 500,NYSE
EOG,EOG Resources,S&P 500,NYSE
EPAM,EPAM Systems,S&P 500,NYSE
EQT,EQT Corporation,S&P 500,NYSE
EFX,Equifax,S&P 500,NYSE
EQIX,Equinix,S&P 500,NYSE
EQR,Equity Residential,S&P 500,NYSE
ERIE,Erie Indemnity,S&P 500,NYSE
ESS,Essex Property Trust,S&P 500,NYSE
EL,Estée Lauder Companies (The),S&P 500,NYSE
EG,Everest Group,S&P 500,NYSE
EVRG,Evergy,S&P 500,NYSE
ES,Eversource Energy,S&P 500,NYSE
EXC,Exelon,S&P 500,NYSE
EXE,Expand Energy,S&P 500,NYSE
EXPE,Expedia Group,S&P 500,NYSE
EXPD,Expeditors International,S&P 500,NYSE
EXR,Extra Space Storage,S&P 500,NYSE
XOM,ExxonMobil,S&P 500,NYSE
FFIV,"F5, Inc.",S&P 500,NYSE
FDS,FactSet,S&P 500,NYSE
FICO,Fair Isaac,S&P 500,NYSE
FAST,Fastenal,S&P 500,NYSE
FRT,Federal Realty Investment Trust,S&P 500,NYSE
FDX,FedEx,S&P 500,NYSE
FIS,Fidelity National Information Services,S&P 500,NYSE
FITB,Fifth Third Bancorp,S&P 500,NYSE
FSLR,First Solar,S&P 500,NYSE
FE,FirstEnergy,S&P 500,NYSE
FISV,Fiserv,S&P 500,NYSE
F,Ford Motor Company,S&P 500,NYSE
FTNT,Fortinet,S&P 500,NYSE
FTV,Fortive,S&P 500,NYSE
FOXA,Fox Corporation (Class A),S&P 500,NYSE
FOX,Fox Corporation (Class B),S&P 500,NYSE
BEN,Franklin Resources,S&P 500,NYSE
FCX,Freeport-McMoRan,S&P 500,NYSE
GRMN,Garmin,S&P 500,NYSE
IT,Gartner,S&P 500,NYSE
GE,GE Aerospace,S&P 500,NYSE
GEHC,GE HealthCare,S&P 500,NYSE
GEV,GE Vernova,S&P 500,NYSE
GEN,Gen Digital,S&P 500,NYSE
GNRC,Generac,S&P 500,NYSE
GD,General Dynamics,S&P 500,NYSE
GIS,General Mills,S&P 500,NYSE
GM,General Motors,S&P 500,NYSE
GPC,Genuine Parts Company,S&P 500,NYSE
GILD,Gilead Sciences,S&P 500,NYSE
GPN,Global Payments,S&P 500,NYSE
GL,Globe Life,S&P 500,NYSE
GDDY,GoDaddy,S&P 500,NYSE
GS,Goldman Sachs,S&P 500,NYSE
HAL,Halliburton,S&P 500,NYSE
HIG,Hartford (The),S&P 500,NYSE
HAS,Hasbro,S&P 500,NYSE
HCA,HCA Healthcare,S&P 500,NYSE
DOC,Healthpeak Properties,S&P 500,NYSE
HSIC,Henry Schein,S&P 500,NYSE
HSY,Hershey Company (The),S&P 500,NYSE
HPE,Hewlett Packard Enterprise,S&P 500,NYSE
HLT,Hilton Worldwide,S&P 500,NYSE
HD,Home Depot (The),S&P 500,NYSE
HON,Honeywell,S&P 500,NYSE
HRL,Hormel Foods,S&P 500,NYSE
HST,Host Hotels & Resorts,S&P 500,NYSE
HWM,Howmet Aerospace,S&P 500,NYSE
HPQ,HP Inc.,S&P 500,NYSE
HUBB,Hubbell Incorporated,S&P 500,NYSE
HUM,Humana,S&P 500,NYSE
HBAN,Huntington Bancshares,S&P 500,NYSE
HII,Huntington Ingalls Industries,S&P 500,NYSE
IBM,IBM,S&P 500,NYSE
IEX,IDEX Corporation,S&P 500,NYSE
IDXX,Idexx Laboratories,S&P 500,NYSE
ITW,Illinois Tool Works,S&P 500,NYSE
INCY,Incyte,S&P 500,NYSE
IR,Ingersoll Rand,S&P 500,NYSE
PODD,Insulet Corporation,S&P 500,NYSE
INTC,Intel,S&P 500,NYSE
IBKR,Interactive Brokers,S&P 500,NYSE
ICE,Intercontinental Exchange,S&P 500,NYSE
IFF,International Flavors & Fragrances,S&P 500,NYSE
IP,International Paper,S&P 500,NYSE
INTU,Intuit,S&P 500,NYSE
ISRG,Intuitive Surgical,S&P 500,NYSE
IVZ,Invesco,S&P 500,NYSE
INVH,Invitation Homes,S&P 500,NYSE
IQV,IQVIA,S&P 500,NYSE
IRM,Iron Mountain,S&P 500,NYSE
JBHT,J.B. Hunt,S&P 500,NYSE
JBL,Jabil,S&P 500,NYSE
JKHY,Jack Henry & Associates,S&P 500,NYSE
J,Jacobs Solutions,S&P 500,NYSE
JNJ,Johnson & Johnson,S&P 500,NYSE
JCI,Johnson Controls,S&P 500,NYSE
JPM,JPMorgan Chase,S&P 500,NYSE
KVUE,Kenvue,S&P 500,NYSE
KDP,Keurig Dr Pepper,S&P 500,NYSE
KEY,KeyCorp,S&P 500,NYSE
KEYS,Keysight Technologies,S&P 500,NYSE
KMB,Kimberly-Clark,S&P 500,NYSE
KIM,Kimco Realty,S&P 500,NYSE
KMI,Kinder Morgan,S&P 500,NYSE
KKR,KKR & Co.,S&P 500,NYSE
KLAC,KLA Corporation,S&P 500,NYSE
KHC,Kraft Heinz,S&P 500,NYSE
KR,Kroger,S&P 500,NYSE
LHX,L3Harris,S&P 500,NYSE
LH,Labcorp,S&P 500,NYSE
LRCX,Lam Research,S&P 500,NYSE
LVS,Las Vegas Sands,S&P 500,NYSE
LDOS,Leidos,S&P 500,NYSE
LEN,Lennar,S&P 500,NYSE
LII,Lennox International,S&P 500,NYSE
LLY,Lilly (Eli),S&P 500,NYSE
LIN,Linde plc,S&P 500,NYSE
LYV,Live Nation Entertainment,S&P 500,NYSE
LMT,Lockheed Martin,S&P 500,NYSE
L,Loews Corporation,S&P 500,NYSE
LOW,Lowe's,S&P 500,NYSE
LULU,Lululemon Athletica,S&P 500,NYSE
LITE,Lumentum,S&P 500,NYSE
LYB,LyondellBasell,S&P 500,NYSE
MTB,M&T Bank,S&P 500,NYSE
MPC,Marathon Petroleum,S&P 500,NYSE
MAR,Marriott International,S&P 500,NYSE
MRSH,Marsh McLennan,S&P 500,NYSE
MLM,Martin Marietta Materials,S&P 500,NYSE
MAS,Masco,S&P 500,NYSE
MA,Mastercard,S&P 500,NYSE
MKC,McCormick & Company,S&P 500,NYSE
MCD,McDonald's,S&P 500,NYSE
MCK,McKesson Corporation,S&P 500,NYSE
MDT,Medtronic,S&P 500,NYSE
MRK,Merck & Co.,S&P 500,NYSE
META,Meta Platforms,S&P 500,NYSE
MET,MetLife,S&P 500,NYSE
MTD,Mettler Toledo,S&P 500,NYSE
MGM,MGM Resorts,S&P 500,NYSE
MCHP,Microchip Technology,S&P 500,NYSE
MU,Micron Technology,S&P 500,NYSE
MSFT,Microsoft,S&P 500,NYSE
MAA,Mid-America Apartment Communities,S&P 500,NYSE
MRNA,Moderna,S&P 500,NYSE
TAP,Molson Coors Beverage Company,S&P 500,NYSE
MDLZ,Mondelez International,S&P 500,NYSE
MPWR,Monolithic Power Systems,S&P 500,NYSE
MNST,Monster Beverage,S&P 500,NYSE
MCO,Moody's Corporation,S&P 500,NYSE
MS,Morgan Stanley,S&P 500,NYSE
MOS,Mosaic Company (The),S&P 500,NYSE
MSI,Motorola Solutions,S&P 500,NYSE
MSCI,MSCI Inc.,S&P 500,NYSE
NDAQ,"Nasdaq, Inc.",S&P 500,NYSE
NTAP,NetApp,S&P 500,NYSE
NFLX,Netflix,S&P 500,NYSE
NEM,Newmont,S&P 500,NYSE
NWSA,News Corp (Class A),S&P 500,NYSE
NWS,News Corp (Class B),S&P 500,NYSE
NEE,NextEra Energy,S&P 500,NYSE
NKE,"Nike, Inc.",S&P 500,NYSE
NI,NiSource,S&P 500,NYSE
NDSN,Nordson Corporation,S&P 500,NYSE
NSC,Norfolk Southern,S&P 500,NYSE
NTRS,Northern Trust,S&P 500,NYSE
NOC,Northrop Grumman,S&P 500,NYSE
NCLH,Norwegian Cruise Line Holdings,S&P 500,NYSE
NRG,NRG Energy,S&P 500,NYSE
NUE,Nucor,S&P 500,NYSE
NVDA,Nvidia,S&P 500,NYSE
NVR,"NVR, Inc.",S&P 500,NYSE
NXPI,NXP Semiconductors,S&P 500,NYSE
ORLY,O’Reilly Automotive,S&P 500,NYSE
OXY,Occidental Petroleum,S&P 500,NYSE
ODFL,Old Dominion,S&P 500,NYSE
OMC,Omnicom Group,S&P 500,NYSE
ON,ON Semiconductor,S&P 500,NYSE
OKE,Oneok,S&P 500,NYSE
ORCL,Oracle Corporation,S&P 500,NYSE
OTIS,Otis Worldwide,S&P 500,NYSE
PCAR,Paccar,S&P 500,NYSE
PKG,Packaging Corporation of America,S&P 500,NYSE
PLTR,Palantir Technologies,S&P 500,NYSE
PANW,Palo Alto Networks,S&P 500,NYSE
PSKY,Paramount Skydance Corporation,S&P 500,NYSE
PH,Parker Hannifin,S&P 500,NYSE
PAYX,Paychex,S&P 500,NYSE
PYPL,PayPal,S&P 500,NYSE
PNR,Pentair,S&P 500,NYSE
PEP,PepsiCo,S&P 500,NYSE
PFE,Pfizer,S&P 500,NYSE
PCG,PG&E Corporation,S&P 500,NYSE
PM,Philip Morris International,S&P 500,NYSE
PSX,Phillips 66,S&P 500,NYSE
PNW,Pinnacle West Capital,S&P 500,NYSE
PNC,PNC Financial Services,S&P 500,NYSE
POOL,Pool Corporation,S&P 500,NYSE
PPG,PPG Industries,S&P 500,NYSE
PPL,PPL Corporation,S&P 500,NYSE
PFG,Principal Financial Group,S&P 500,NYSE
PG,Procter & Gamble,S&P 500,NYSE
PGR,Progressive Corporation,S&P 500,NYSE
PLD,Prologis,S&P 500,NYSE
PRU,Prudential Financial,S&P 500,NYSE
PEG,Public Service Enterprise Group,S&P 500,NYSE
PTC,PTC Inc.,S&P 500,NYSE
PSA,Public Storage,S&P 500,NYSE
PHM,PulteGroup,S&P 500,NYSE
PWR,Quanta Services,S&P 500,NYSE
QCOM,Qualcomm,S&P 500,NYSE
DGX,Quest Diagnostics,S&P 500,NYSE
Q,Qnity Electronics,S&P 500,NYSE
RL,Ralph Lauren Corporation,S&P 500,NYSE
RJF,Raymond James Financial,S&P 500,NYSE
RTX,RTX Corporation,S&P 500,NYSE
O,Realty Income,S&P 500,NYSE
REG,Regency Centers,S&P 500,NYSE
REGN,Regeneron Pharmaceuticals,S&P 500,NYSE
RF,Regions Financial Corporation,S&P 500,NYSE
RSG,Republic Services,S&P 500,NYSE
RMD,ResMed,S&P 500,NYSE
RVTY,Revvity,S&P 500,NYSE
HOOD,Robinhood Markets,S&P 500,NYSE
ROK,Rockwell Automation,S&P 500,NYSE
ROL,"Rollins, Inc.",S&P 500,NYSE
ROP,Roper Technologies,S&P 500,NYSE
ROST,Ross Stores,S&P 500,NYSE
RCL,Royal Caribbean Group,S&P 500,NYSE
SPGI,S&P Global,S&P 500,NYSE
CRM,Salesforce,S&P 500,NYSE
SNDK,Sandisk,S&P 500,NYSE
SBAC,SBA Communications,S&P 500,NYSE
SLB,Schlumberger,S&P 500,NYSE
STX,Seagate Technology,S&P 500,NYSE
SRE,Sempra,S&P 500,NYSE
NOW,ServiceNow,S&P 500,NYSE
SHW,Sherwin-Williams,S&P 500,NYSE
SPG,Simon Property Group,S&P 500,NYSE
SWKS,Skyworks Solutions,S&P 500,NYSE
SJM,J.M. Smucker Company (The),S&P 500,NYSE
SW,Smurfit Westrock,S&P 500,NYSE
SNA,Snap-on,S&P 500,NYSE
SOLV,Solventum,S&P 500,NYSE
SO,Southern Company,S&P 500,NYSE
LUV,Southwest Airlines,S&P 500,NYSE
SWK,Stanley Black & Decker,S&P 500,NYSE
SBUX,Starbucks,S&P 500,NYSE
STT,State Street Corporation,S&P 500,NYSE
STLD,Steel Dynamics,S&P 500,NYSE
STE,Steris,S&P 500,NYSE
SYK,Stryker Corporation,S&P 500,NYSE
SMCI,Supermicro,S&P 500,NYSE
SYF,Synchrony Financial,S&P 500,NYSE
SNPS,Synopsys,S&P 500,NYSE
SYY,Sysco,S&P 500,NYSE
TMUS,T-Mobile US,S&P 500,NYSE
TROW,T. Rowe Price,S&P 500,NYSE
TTWO,Take-Two Interactive,S&P 500,NYSE
TPR,"Tapestry, Inc.",S&P 500,NYSE
TRGP,Targa Resources,S&P 500,NYSE
TGT,Target Corporation,S&P 500,NYSE
TEL,TE Connectivity,S&P 500,NYSE
TDY,Teledyne Technologies,S&P 500,NYSE
TER,Teradyne,S&P 500,NYSE
TSLA,"Tesla, Inc.",S&P 500,NYSE
TXN,Texas Instruments,S&P 500,NYSE
TPL,Texas Pacific Land Corporation,S&P 500,NYSE
TXT,Textron,S&P 500,NYSE
TMO,Thermo Fisher Scientific,S&P 500,NYSE
TJX,TJX Companies,S&P 500,NYSE
TKO,TKO Group Holdings,S&P 500,NYSE
TTD,Trade Desk (The),S&P 500,NYSE
TSCO,Tractor Supply,S&P 500,NYSE
TT,Trane Technologies,S&P 500,NYSE
TDG,TransDigm Group,S&P 500,NYSE
TRV,Travelers Companies (The),S&P 500,NYSE
TRMB,Trimble Inc.,S&P 500,NYSE
TFC,Truist Financial,S&P 500,NYSE
TYL,Tyler Technologies,S&P 500,NYSE
TSN,Tyson Foods,S&P 500,NYSE
USB,U.S. Bancorp,S&P 500,NYSE
UBER,Uber,S&P 500,NYSE
UDR,"UDR, Inc.",S&P 500,NYSE
ULTA,Ulta Beauty,S&P 500,NYSE
UNP,Union Pacific Corporation,S&P 500,NYSE
UAL,United Airlines Holdings,S&P 500,NYSE
UPS,United Parcel Service,S&P 500,NYSE
URI,United Rentals,S&P 500,NYSE
UNH,UnitedHealth Group,S&P 500,NYSE
UHS,Universal Health Services,S&P 500,NYSE
VLO,Valero Energy,S&P 500,NYSE
VEEV,Veeva Systems,S&P 500,NYSE
VTR,Ventas,S&P 500,NYSE
VLTO,Veralto,S&P 500,NYSE
VRSN,Verisign,S&P 500,NYSE
VRSK,Verisk Analytics,S&P 500,NYSE
VZ,Verizon,S&P 500,NYSE
VRTX,Vertex Pharmaceuticals,S&P 500,NYSE
VRT,Vertiv,S&P 500,NYSE
VTRS,Viatris,S&P 500,NYSE
VICI,Vici Properties,S&P 500,NYSE
V,Visa Inc.,S&P 500,NYSE
VST,Vistra Corp.,S&P 500,NYSE
VMC,Vulcan Materials Company,S&P 500,NYSE
WRB,W. R. Berkley Corporation,S&P 500,NYSE
GWW,W. W. Grainger,S&P 500,NYSE
WAB,Wabtec,S&P 500,NYSE
WMT,Walmart,S&P 500,NYSE
DIS,Walt Disney Company (The),S&P 500,NYSE
WBD,Warner Bros. Discovery,S&P 500,NYSE
WM,Waste Management,S&P 500,NYSE
WAT,Waters Corporation,S&P 500,NYSE
WEC,WEC Energy Group,S&P 500,NYSE
WFC,Wells Fargo,S&P 500,NYSE
WELL,Welltower,S&P 500,NYSE
WST,West Pharmaceutical Services,S&P 500,NYSE
WDC,Western Digital,S&P 500,NYSE
WY,Weyerhaeuser,S&P 500,NYSE
WSM,"Williams-Sonoma, Inc.",S&P 500,NYSE
WMB,Williams Companies,S&P 500,NYSE
WTW,Willis Towers Watson,S&P 500,NYSE
WDAY,"Workday, Inc.",S&P 500,NYSE
WYNN,Wynn Resorts,S&P 500,NYSE
XEL,Xcel Energy,S&P 500,NYSE
XYL,Xylem Inc.,S&P 500,NYSE
YUM,Yum! Brands,S&P 500,NYSE
ZBRA,Zebra Technologies,S&P 500,NYSE
ZBH,Zimmer Biomet,S&P 500,NYSE
ZTS,Zoetis,S&P 500,NYSE
RKLB,Rocket Lab Corporation,Russell 2000,NASDAQ
MSTR,MicroStrategy Incorporated,Russell 2000,NASDAQ
RIVN,Rivian Automotive,Russell 2000,NASDAQ
LCID,Lucid Group,Russell 2000,NASDAQ
SOFI,SoFi Technologies,Russell 2000,NASDAQ
SNOW,Snowflake Inc.,Russell 2000,NYSE
ARM,Arm Holdings,NASDAQ-100,NASDAQ
SMCI,Super Micro Computer,Russell 2000,NASDAQ
IONQ,IonQ Inc.,Russell 2000,NYSE
JOBY,Joby Aviation,Russell 2000,NYSE
ACHR,Archer Aviation,Russell 2000,NYSE
ASTS,AST SpaceMobile,Russell 2000,NASDAQ
DUOL,Duolingo,Russell 2000,NASDAQ
CELH,Celsius Holdings,Russell 2000,NASDAQ
